證券代號,市值佔 大盤比重,排行,證券名稱
1101,0.4992%,35,台泥
1102,0.2673%,67,亞泥
1103,0.0308%,318,嘉泥
1104,0.0368%,284,環泥
1108,0.0134%,538,幸福
1109,0.0109%,605,信大
1110,0.0215%,402,東泥
1201,0.0187%,438,味全
1203,0.0191%,432,味王
1210,0.1001%,137,大成
1215,0.0515%,211,卜蜂
1216,0.8001%,17,統一
1217,0.0129%,556,愛之味
1218,0.0245%,367,泰山
1219,0.0125%,566,福壽
1220,0.0049%,814,台榮
1225,0.0231%,378,福懋油
1227,0.0679%,169,佳格
1229,0.1893%,85,聯華
1231,0.0417%,256,聯華食
1232,0.0435%,245,大統益
1233,0.0064%,752,天仁
1234,0.0301%,322,黑松
1235,0.021%,409,興泰
1236,0.0046%,829,宏亞
1256,0.0189%,435,鮮活果汁-KY
1301,0.9905%,13,台塑
1303,1.0382%,12,南亞
1304,0.0518%,210,台聚
1305,0.0264%,353,華夏
1307,0.0176%,453,三芳
1308,0.0288%,335,亞聚
1309,0.0149%,506,台達化
1310,0.0162%,476,台苯
1312,0.0312%,316,國喬
1313,0.0425%,252,聯成
1314,0.0665%,172,中石化
1315,0.0131%,548,達新
1316,0.0048%,823,上曜
1319,0.067%,171,東陽
1321,0.0147%,511,大洋
1323,0.0054%,791,永裕
1324,0.0016%,953,地球
1325,0.0036%,886,恆大
1326,0.7168%,23,台化
1337,0.004%,862,再生-KY
1338,0.006%,768,廣華-KY
1339,0.0063%,760,昭輝
1340,0.0037%,878,勝悅-KY
1341,0.0065%,751,富林-KY
1342,0.0161%,478,八貫
1402,0.2973%,61,遠東新
1409,0.0519%,209,新纖
1410,0.0044%,838,南染
1413,0.0017%,952,宏洲
1414,0.0073%,712,東和
1416,0.0037%,877,廣豐
1417,0.0047%,825,嘉裕
1418,0.0019%,947,東華
1419,0.0254%,359,新紡
1423,0.0061%,767,利華
1432,0.0029%,906,大魯閣
1434,0.0811%,150,福懋
1436,0.0115%,588,華友聯
1437,0.0107%,612,勤益控
1438,0.004%,863,三地開發
1439,0.0039%,867,雋揚
1440,0.0482%,224,南紡
1441,0.0015%,954,大東
1442,0.0247%,366,名軒
1443,0.0074%,704,立益物流
1444,0.0197%,425,力麗
1445,0.0046%,830,大宇
1446,0.0096%,648,宏和
1447,0.0134%,537,力鵬
1449,0.0027%,917,佳和
1451,0.0076%,703,年興
1452,0.0041%,853,宏益
1453,0.0027%,916,大將
1454,0.0045%,835,台富
1455,0.0099%,637,集盛
1456,0.0029%,905,怡華
1457,0.0098%,641,宜進
1459,0.0064%,753,聯發
1460,0.0115%,587,宏遠
1463,0.0049%,813,強盛
1464,0.011%,602,得力
1465,0.0026%,921,偉全
1466,0.0023%,932,聚隆
1467,0.0039%,868,南緯
1468,0.0041%,854,昶和
1470,0.0031%,900,大統新創
1471,0.004%,861,首利
1472,0.002%,946,三洋實業
1473,0.0068%,737,台南
1474,0.003%,904,弘裕
1475,0.0025%,928,業旺
1476,0.2781%,65,儒鴻
1477,0.1409%,109,聚陽
1503,0.1442%,107,士電
1504,0.2152%,81,東元
1506,0.0054%,790,正道
1513,0.1042%,135,中興電
1514,0.0278%,343,亞力
1515,0.0121%,574,力山
1516,0.0013%,959,川飛
1517,0.0072%,713,利奇
1519,0.1167%,123,華城
1521,0.0052%,797,大億
1522,0.0195%,426,堤維西
1524,0.0068%,736,耿鼎
1525,0.013%,553,江申
1526,0.0041%,855,日馳
1527,0.0107%,611,鑽全
1528,0.0052%,798,恩德
1529,0.0113%,592,樂事綠能
1530,0.0057%,780,亞崴
1531,0.005%,812,高林股
1532,0.0273%,347,勤美
1533,0.0112%,594,車王電
1535,0.0134%,535,中宇
1536,0.0349%,296,和大
1537,0.0221%,393,廣隆
1539,0.0034%,892,巨庭
1540,0.0028%,914,喬福
1541,0.0054%,789,錩泰
1558,0.0132%,544,伸興
1560,0.0373%,279,中砂
1568,0.0048%,824,倉佑
1582,0.0134%,536,信錦
1583,0.0144%,516,程泰
1587,0.0035%,887,吉茂
1589,0.012%,576,永冠-KY
1590,0.3486%,54,亞德客-KY
1597,0.0114%,591,直得
1598,0.0108%,610,岱宇
1603,0.0128%,560,華電
1604,0.0199%,423,聲寶
1605,0.3016%,57,華新
1608,0.0244%,370,華榮
1609,0.0507%,214,大亞
1611,0.0109%,607,中電
1612,0.0155%,491,宏泰
1614,0.0195%,427,三洋電
1615,0.0109%,606,大山
1616,0.0038%,875,億泰
1617,0.0051%,804,榮星
1618,0.0101%,629,合機
1626,0.005%,810,艾美特-KY
1701,0.0135%,532,中化
1702,0.0269%,351,南僑
1707,0.0464%,235,葡萄王
1708,0.0159%,480,東鹼
1709,0.0226%,389,和益
1710,0.0363%,289,東聯
1711,0.0217%,400,永光
1712,0.0285%,338,興農
1713,0.0098%,643,國化
1714,0.0162%,477,和桐
1717,0.0684%,167,長興
1718,0.0254%,360,中纖
1720,0.0215%,401,生達
1721,0.005%,811,三晃
1722,0.1177%,120,台肥
1723,0.0481%,225,中碳
1725,0.0076%,702,元禎
1726,0.0229%,381,永記
1727,0.007%,721,中華化
1730,0.0072%,714,花仙子
1731,0.0054%,788,美吾華
1732,0.0021%,942,毛寶
1733,0.0049%,816,五鼎
1734,0.0102%,628,杏輝
1735,0.0031%,899,日勝化
1736,0.0442%,244,喬山
1737,0.0131%,549,臺鹽
1752,0.0116%,586,南光
1760,0.018%,446,寶齡富錦
1762,0.0107%,613,中化生
1773,0.065%,175,勝一
1776,0.0023%,934,展宇
1783,0.0099%,636,和康生
1786,0.0106%,614,科妍
1789,0.0471%,230,神隆
1795,0.1313%,115,美時
1802,0.1175%,122,台玻
1805,0.0014%,958,寶徠
1806,0.0074%,705,冠軍
1808,0.0689%,166,潤隆
1809,0.0049%,815,中釉
1810,0.0121%,575,和成
1817,0.0051%,805,凱撒衛
1903,0.0333%,307,士紙
1904,0.0716%,162,正隆
1905,0.0661%,174,華紙
1906,0.0046%,831,寶隆
1907,0.1144%,126,永豐餘
1909,0.0422%,253,榮成
2002,0.8224%,16,中鋼
2006,0.0763%,157,東和鋼鐵
2007,0.0098%,642,燁興
2008,0.007%,722,高興昌
2009,0.0211%,408,第一銅
2010,0.0213%,407,春源
2012,0.0144%,518,春雨
2013,0.0209%,410,中鋼構
2014,0.0648%,176,中鴻
2015,0.075%,160,豐興
2017,0.0116%,585,官田鋼
2020,0.0112%,595,美亞
2022,0.0081%,693,聚亨
2023,0.0552%,202,燁輝
2024,0.0032%,898,志聯
2025,0.0028%,915,千興
2027,0.1798%,89,大成鋼
2028,0.0148%,509,威致
2029,0.0147%,510,盛餘
2030,0.0108%,609,彰源
2031,0.0292%,330,新光鋼
2032,0.0042%,848,新鋼
2033,0.0023%,933,佳大
2034,0.0229%,382,允強
2038,0.0067%,745,海光
2049,0.1396%,110,上銀
2059,0.1616%,95,川湖
2062,0.0083%,684,橋椿
2069,0.0056%,782,運錩
2101,0.0592%,187,南港
2102,0.0157%,487,泰豐
2103,0.0388%,270,台橡
2104,0.0383%,272,國際中橡
2105,0.2331%,73,正新
2106,0.0524%,206,建大
2107,0.0134%,534,厚生
2108,0.0335%,304,南帝
2109,0.0074%,706,華豐
2114,0.0149%,505,鑫永銓
2115,0.0059%,773,六暉-KY
2201,0.1641%,94,裕隆
2204,0.0916%,142,中華
2206,0.1177%,121,三陽工業
2207,0.7742%,18,和泰車
2208,0.0407%,261,台船
2211,0.0473%,229,長榮鋼
2227,0.11%,129,裕日車
2228,0.0135%,533,劍麟
2231,0.0383%,273,為升
2233,0.0127%,561,宇隆
2236,0.0056%,781,百達-KY
2239,0.0154%,492,英利-KY
2241,0.0069%,733,艾姆勒
2243,0.0021%,943,宏旭-KY
2247,0.0475%,227,汎德永業
2250,0.0039%,869,IKKA-KY
2301,0.6666%,24,光寶科
2302,0.0057%,779,麗正
2303,1.099%,10,聯電
2305,0.0082%,691,全友
2308,1.7755%,4,台達電
2312,0.0483%,223,金寶
2313,0.1014%,136,華通
2314,0.0199%,422,台揚
2316,0.0153%,496,楠梓電
2317,2.8129%,2,鴻海
2323,0.0269%,352,中環
2324,0.251%,70,仁寶
2327,0.3627%,52,國巨
2328,0.0403%,265,廣宇
2329,0.0467%,233,華泰
2330,27.4%,1,台積電
2331,0.0309%,317,精英
2332,0.0226%,388,友訊
2337,0.1083%,132,旺宏
2338,0.0364%,287,光罩
2340,0.0382%,276,台亞
2342,0.0119%,578,茂矽
2344,0.2185%,78,華邦電
2345,0.4002%,46,智邦
2347,0.1847%,87,聯強
2348,0.0144%,517,海悅
2349,0.0119%,577,錸德
2351,0.0363%,288,順德
2352,0.183%,88,佳世達
2353,0.1995%,83,宏碁
2354,0.1473%,105,鴻準
2355,0.0253%,362,敬鵬
2356,0.4274%,38,英業達
2357,0.5056%,34,華碩
2358,0.0025%,927,廷鑫
2359,0.0128%,559,所羅門
2360,0.2196%,77,致茂
2362,0.0392%,269,藍天
2363,0.0283%,340,矽統
2364,0.0041%,852,倫飛
2365,0.0048%,822,昆盈
2367,0.0221%,394,燿華
2368,0.1559%,98,金像電
2369,0.0133%,542,菱生
2371,0.2166%,79,大同
2373,0.0337%,302,震旦行
2374,0.0106%,616,佳能
2375,0.0131%,550,凱美
2376,0.3733%,50,技嘉
2377,0.3073%,55,微星
2379,0.4129%,42,瑞昱
2380,0.0041%,851,虹光
2382,1.7228%,5,廣達
2383,0.2578%,69,台光電
2385,0.1485%,103,群光
2387,0.0155%,490,精元
2388,0.1239%,118,威盛
2390,0.0046%,827,云辰
2392,0.0374%,278,正崴
2393,0.043%,248,億光
2395,0.6272%,25,研華
2397,0.017%,463,友通
2399,0.0084%,681,映泰
2401,0.034%,300,凌陽
2402,0.0203%,419,毅嘉
2404,0.0786%,151,漢唐
2405,0.0101%,630,輔信
2406,0.011%,601,國碩
2408,0.4189%,41,南亞科
2409,0.2981%,59,友達
2412,1.6828%,6,中華電
2413,0.0078%,697,環科
2414,0.0105%,623,精技
2415,0.0046%,828,錩新
2417,0.0062%,761,圓剛
2419,0.0274%,345,仲琦
2420,0.015%,501,新巨
2421,0.0619%,183,建準
2423,0.0094%,650,固緯
2424,0.0017%,951,隴華
2425,0.0099%,635,承啟
2426,0.0121%,573,鼎元
2427,0.0092%,659,三商電
2428,0.0383%,274,興勤
2429,0.001%,962,銘旺科
2430,0.0094%,649,燦坤
2431,0.0024%,929,聯昌
2432,0.0052%,803,倚天酷碁-創
2433,0.0137%,530,互盛電
2434,0.001%,963,統懋
2436,0.02%,421,偉詮電
2438,0.0026%,922,翔耀
2439,0.0371%,282,美律
2440,0.0029%,909,太空梭
2441,0.0648%,177,超豐
2442,0.0086%,676,新美齊
2444,0.0028%,913,兆勁
2449,0.1441%,108,京元電子
2450,0.0171%,459,神腦
2451,0.0571%,195,創見
2453,0.0117%,582,凌群
2454,2.0641%,3,聯發科
2455,0.0458%,238,全新
2457,0.0426%,250,飛宏
2458,0.0662%,173,義隆
2459,0.0113%,593,敦吉
2460,0.0074%,707,建通
2461,0.0078%,698,光群雷
2462,0.007%,720,良得電
2464,0.0143%,520,盟立
2465,0.0041%,850,麗臺
2466,0.0118%,581,冠西電
2467,0.0144%,519,志聖
2468,0.004%,864,華經
2471,0.0049%,817,資通
2472,0.0186%,440,立隆電
2474,0.2208%,76,可成
2476,0.0178%,452,鉅祥
2477,0.0061%,766,美隆電
2478,0.0123%,567,大毅
2480,0.0247%,365,敦陽科
2481,0.052%,208,強茂
2482,0.0086%,677,連宇
2483,0.0052%,801,百容
2484,0.0104%,624,希華
2485,0.0126%,562,兆赫
2486,0.0192%,430,一詮
2488,0.0052%,802,漢平
2489,0.0205%,415,瑞軒
2491,0.0023%,931,吉祥全
2492,0.0862%,147,華新科
2493,0.0137%,529,揚博
2495,0.0125%,565,普安
2496,0.0019%,948,卓越
2497,0.016%,479,怡利電
2498,0.0867%,146,宏達電
2501,0.0342%,299,國建
2504,0.0581%,191,國產
2505,0.0137%,528,國揚
2506,0.0066%,747,太設
2509,0.0064%,754,全坤建
2511,0.0348%,297,太子
2514,0.0122%,571,龍邦
2515,0.0288%,336,中工
2516,0.0022%,940,新建
2520,0.0317%,312,冠德
2524,0.0215%,403,京城
2527,0.0121%,572,宏璟
2528,0.0139%,527,皇普
2530,0.0239%,374,華建
2534,0.018%,445,宏盛
2535,0.0203%,418,達欣工
2536,0.0164%,470,宏普
2537,0.004%,865,聯上發
2538,0.01%,634,基泰
2539,0.0681%,168,櫻花建
2540,0.0494%,219,愛山林
2542,0.1356%,113,興富發
2543,0.0044%,837,皇昌
2545,0.0245%,368,皇翔
2546,0.0162%,475,根基
2547,0.0149%,502,日勝生
2548,0.0469%,231,華固
2597,0.0356%,292,潤弘
2601,0.0133%,543,益航
2603,0.4116%,43,長榮
2605,0.0206%,414,新興
2606,0.0672%,170,裕民
2607,0.0566%,197,榮運
2608,0.0315%,315,嘉里大榮
2609,0.3037%,56,陽明
2610,0.2806%,63,華航
2611,0.0045%,836,志信
2612,0.0152%,498,中航
2613,0.0058%,776,中櫃
2614,0.0152%,497,東森
2615,0.2645%,68,萬海
2616,0.0084%,682,山隆
2617,0.0215%,404,台航
2618,0.3686%,51,長榮航
2630,0.0173%,458,亞航
2633,0.1482%,104,台灣高鐵
2634,0.0978%,138,漢翔
2636,0.0194%,429,台驊投控
2637,0.0636%,179,慧洋-KY
2642,0.0074%,709,宅配通
2645,0.0757%,159,長榮航太
2701,0.0109%,608,萬企
2702,0.0065%,750,華園
2704,0.0353%,294,國賓
2705,0.0069%,735,六福
2706,0.0149%,503,第一店
2707,0.0591%,188,晶華
2712,0.0071%,718,遠雄來
2722,0.0149%,504,夏都
2723,0.0416%,258,美食-KY
2727,0.0425%,251,王品
2731,0.0283%,339,雄獅
2739,0.0088%,667,寒舍
2748,0.0174%,455,雲品
2753,0.0205%,416,八方雲集
2801,0.3734%,49,彰銀
2809,0.0748%,161,京城銀
2812,0.1456%,106,台中銀
2816,0.0089%,665,旺旺保
2820,0.037%,283,華票
2832,0.0156%,488,台產
2834,0.2162%,80,臺企銀
2836,0.0285%,337,高雄銀
2838,0.1097%,131,聯邦銀
2845,0.0902%,143,遠東銀
2849,0.041%,260,安泰銀
2850,0.032%,311,新產
2851,0.0359%,290,中再保
2852,0.0092%,658,第一保
2855,0.0554%,201,統一證
2867,0.0452%,241,三商壽
2880,0.5677%,30,華南金
2881,1.5183%,7,富邦金
2882,1.2551%,9,國泰金
2883,0.3952%,47,開發金
2884,0.7564%,21,玉山金
2885,0.5705%,29,元大金
2886,1.0493%,11,兆豐金
2887,0.4258%,39,台新金
2888,0.2789%,64,新光金
2889,0.0774%,154,國票金
2890,0.4232%,40,永豐金
2891,0.9614%,14,中信金
2892,0.7184%,22,第一金
2897,0.051%,213,王道銀行
2901,0.0035%,889,欣欣
2903,0.0579%,192,遠百
2904,0.0029%,908,匯僑
2905,0.0253%,361,三商
2906,0.0072%,715,高林
2908,0.0191%,431,特力
2910,0.0116%,584,統領
2911,0.0025%,926,麗嬰房
2912,0.5424%,32,統一超
2913,0.0383%,275,農林
2915,0.128%,116,潤泰全
2923,0.0784%,152,鼎固-KY
2929,0.0022%,941,淘帝-KY
2939,0.0025%,925,凱羿-KY
2945,0.0052%,800,三商家購
3002,0.0026%,924,歐格
3003,0.0229%,383,健和興
3004,0.0094%,651,豐達科
3005,0.0768%,155,神基
3006,0.0417%,257,晶豪科
3008,0.5429%,31,大立光
3010,0.0357%,291,華立
3011,0.0074%,708,今皓
3013,0.0134%,539,晟銘電
3014,0.0465%,234,聯陽
3015,0.0174%,454,全漢
3016,0.0355%,293,嘉晶
3017,0.2308%,74,奇鋐
3019,0.0335%,303,亞光
3021,0.0038%,876,鴻名
3022,0.0271%,348,威強電
3023,0.1504%,101,信邦
3024,0.0093%,652,憶聲
3025,0.0063%,759,星通
3026,0.0302%,321,禾伸堂
3027,0.0089%,666,盛達
3028,0.0129%,558,增你強
3029,0.0195%,428,零壹
3030,0.0269%,350,德律
3031,0.0058%,775,佰鴻
3032,0.0129%,557,偉訓
3033,0.0274%,346,威健
3034,0.4825%,36,聯詠
3035,0.1515%,100,智原
3036,0.1137%,127,文曄
3037,0.5262%,33,欣興
3038,0.0111%,600,全台
3040,0.0035%,888,遠見
3041,0.0069%,734,揚智
3042,0.0512%,212,晶技
3043,0.0026%,923,科風
3044,0.1661%,93,健鼎
3045,0.6213%,26,台灣大
3046,0.0106%,615,建碁
3047,0.0066%,746,訊舟
3048,0.0117%,583,益登
3049,0.0163%,471,和鑫
3050,0.0042%,849,鈺德
3051,0.0079%,696,力特
3052,0.0055%,787,夆典
3054,0.0031%,901,立萬利
3055,0.0083%,683,蔚華科
3056,0.0259%,356,總太
3057,0.0024%,930,喬鼎
3058,0.007%,719,立德
3059,0.0186%,439,華晶科
3060,0.0052%,799,銘異
3062,0.013%,551,建漢
3090,0.0182%,444,日電貿
3092,0.0082%,692,鴻碩
3094,0.0047%,826,聯傑
3130,0.0126%,563,一零四
3138,0.0125%,564,耀登
3149,0.0058%,774,正達
3164,0.004%,866,景岳
3167,0.006%,769,大量
3189,0.088%,144,景碩
3209,0.0162%,474,全科
3229,0.001%,964,晟鈦
3231,0.7674%,20,緯創
3257,0.013%,552,虹冠電
3266,0.0092%,657,昇陽
3296,0.0029%,907,勝德
3305,0.0171%,461,昇貿
3308,0.0051%,807,聯德
3311,0.0038%,873,閎暉
3312,0.0069%,730,弘憶股
3338,0.0112%,597,泰碩
3346,0.0105%,621,麗清
3356,0.0087%,673,奇偶
3376,0.0298%,325,新日興
3380,0.0445%,243,明泰
3406,0.0828%,149,玉晶光
3413,0.0307%,319,京鼎
3416,0.0199%,424,融程電
3419,0.0043%,842,譁裕
3432,0.0015%,956,台端
3437,0.0049%,818,榮創
3443,0.4098%,44,創意
3447,0.0067%,742,展達
3450,0.013%,554,聯鈞
3454,0.0304%,320,晶睿
3481,0.2976%,60,群創
3501,0.0109%,604,維熹
3504,0.0144%,515,揚明光
3515,0.0577%,194,華擎
3518,0.0061%,765,柏騰
3528,0.0067%,743,安馳
3530,0.0118%,580,晶相光
3532,0.1157%,124,台勝科
3533,0.1553%,99,嘉澤
3535,0.0028%,912,晶彩科
3543,0.0037%,879,州巧
3545,0.0289%,334,敦泰
3550,0.0027%,918,聯穎
3557,0.0087%,674,嘉威
3563,0.0185%,441,牧德
3576,0.0542%,203,聯合再生
3583,0.0379%,277,辛耘
3588,0.0063%,757,通嘉
3591,0.007%,726,艾笛森
3592,0.0468%,232,瑞鼎
3593,0.0015%,955,力銘
3596,0.0598%,186,智易
3605,0.0076%,701,宏致
3607,0.0039%,871,谷崧
3617,0.0371%,281,碩天
3622,0.01%,633,洋華
3645,0.0122%,569,達邁
3652,0.0044%,841,精聯
3653,0.1358%,112,健策
3661,0.2692%,66,世芯-KY
3665,0.0923%,141,貿聯-KY
3669,0.0065%,749,圓展
3673,0.0298%,326,TPK-KY
3679,0.0097%,645,新至陞
3682,0.034%,301,亞太電
3686,0.0019%,949,達能
3694,0.0084%,680,海華
3701,0.0262%,354,大眾控
3702,0.1583%,96,大聯大
3703,0.0413%,259,欣陸
3704,0.0407%,262,合勤控
3705,0.0218%,399,永信
3706,0.1062%,133,神達
3708,0.0162%,473,上緯投控
3711,0.9365%,15,日月光投控
3712,0.0154%,494,永崴投控
3714,0.0633%,181,富采
3715,0.0163%,472,定穎投控
4104,0.0253%,363,佳醫
4106,0.0058%,777,雃博
4108,0.0083%,685,懷特
4119,0.0207%,412,旭富
4133,0.0038%,874,亞諾法
4137,0.0282%,341,麗豐-KY
4142,0.0282%,342,國光生
4148,0.0064%,755,全宇生技-KY
4155,0.007%,724,訊映
4164,0.0184%,442,承業醫
4190,0.0088%,668,佐登-KY
4306,0.018%,450,炎洲
4426,0.0068%,738,利勤
4438,0.0239%,373,廣越
4439,0.0115%,589,冠星-KY
4440,0.0036%,885,宜新實業
4526,0.0097%,644,東台
4532,0.0224%,391,瑞智
4536,0.029%,332,拓凱
4540,0.0069%,731,全球傳動
4545,0.0044%,840,銘鈺
4551,0.03%,323,智伸科
4552,0.0069%,732,力達-KY
4555,0.007%,723,氣立
4557,0.0081%,694,永新-KY
4560,0.0049%,820,強信-KY
4562,0.0026%,920,穎漢
4564,0.01%,632,元翎
4566,0.009%,661,時碩工業
4571,0.0072%,717,鈞興-KY
4572,0.0132%,545,駐龍
4576,0.0157%,486,大銀微系統
4581,0.0042%,847,光隆精密-KY
4583,0.0367%,285,台灣精銳
4720,0.0029%,910,德淵
4722,0.0068%,739,國精化
4737,0.0085%,679,華廣
4739,0.0169%,464,康普
4746,0.0228%,385,台耀
4755,0.029%,333,三福化
4763,0.1319%,114,材料-KY
4764,0.0074%,710,雙鍵
4766,0.0406%,263,南寶
4770,0.0477%,226,上品
4807,0.0013%,960,日成-KY
4904,0.4327%,37,遠傳
4906,0.0237%,375,正文
4912,0.0099%,638,聯德控股-KY
4915,0.0554%,200,致伸
4916,0.007%,725,事欣科
4919,0.1099%,130,新唐
4927,0.022%,395,泰鼎-KY
4930,0.0039%,870,燦星網
4934,0.0148%,508,太極
4935,0.0123%,568,茂林-KY
4938,0.381%,48,和碩
4942,0.0104%,625,嘉彰
4952,0.0101%,631,凌通
4956,0.003%,903,光鋐
4958,0.186%,86,臻鼎-KY
4960,0.0133%,541,誠美材
4961,0.0492%,220,天鈺
4967,0.0083%,686,十銓
4968,0.0271%,349,立積
4976,0.0112%,596,佳凌
4977,0.0136%,531,眾達-KY
4989,0.0087%,672,榮科
4994,0.009%,662,傳奇
4999,0.0049%,819,鑫禾
5007,0.0316%,314,三星
5203,0.0153%,495,訊連
5215,0.0056%,783,科嘉-KY
5222,0.0228%,384,全訊
5225,0.0057%,778,東科-KY
5234,0.0255%,358,達興材料
5243,0.0225%,390,乙盛-KY
5244,0.004%,860,弘凱
5258,0.0245%,369,虹堡
5269,0.1275%,117,祥碩
5283,0.0156%,489,禾聯碩
5284,0.0119%,579,jpp-KY
5285,0.0152%,499,界霖
5288,0.0222%,392,豐祥-KY
5306,0.0364%,286,桂盟
5388,0.0591%,189,中磊
5434,0.0633%,180,崇越
5469,0.0491%,221,瀚宇博
5471,0.0145%,514,松翰
5484,0.0035%,890,慧友
5515,0.0068%,741,建國
5519,0.009%,660,隆大
5521,0.0066%,748,工信
5522,0.0839%,148,遠雄
5525,0.0129%,555,順天
5531,0.0188%,436,鄉林
5533,0.0098%,640,皇鼎
5534,0.0432%,247,長虹
5538,0.0131%,546,東明-KY
5546,0.0059%,772,永固-KY
5607,0.0353%,295,遠雄港
5608,0.0142%,521,四維航
5706,0.011%,603,鳳凰
5871,0.6157%,27,中租-KY
5876,0.4005%,45,上海商銀
5880,0.7702%,19,合庫金
5906,0.004%,859,台南-KY
5907,0.0053%,794,大洋-KY
6005,0.0648%,178,群益證
6024,0.0171%,460,群益期
6108,0.0052%,796,競國
6112,0.0165%,467,邁達特
6115,0.0159%,481,鎰勝
6116,0.0764%,156,彩晶
6117,0.0044%,839,迎廣
6120,0.0207%,411,達運
6128,0.008%,695,上福
6133,0.0036%,883,金橋
6136,0.0041%,856,富爾特
6139,0.0334%,306,亞翔
6141,0.0037%,880,柏承
6142,0.0051%,806,友勁
6152,0.0032%,897,百一
6153,0.0256%,357,嘉聯益
6155,0.0046%,834,鈞寶
6164,0.0022%,939,華興
6165,0.0031%,902,浪凡
6166,0.0293%,328,凌華
6168,0.0089%,664,宏齊
6176,0.1048%,134,瑞儀
6177,0.023%,380,達麗
6183,0.0184%,443,關貿
6184,0.0149%,507,大豐電
6189,0.018%,447,豐藝
6191,0.0455%,239,精成科
6192,0.0145%,513,巨路
6196,0.0521%,207,帆宣
6197,0.0154%,493,佳必琪
6201,0.0082%,688,亞弘電
6202,0.0293%,329,盛群
6205,0.0092%,655,詮欣
6206,0.018%,448,飛捷
6209,0.0092%,654,今國光
6213,0.0538%,204,聯茂
6214,0.0598%,185,精誠
6215,0.0042%,846,和椿
6216,0.005%,808,居易
6224,0.0093%,653,聚鼎
6226,0.0023%,935,光鼎
6230,0.0276%,344,尼得科超眾
6235,0.0417%,255,華孚
6239,0.1569%,97,力成
6243,0.0033%,894,迅杰
6257,0.0452%,240,矽格
6269,0.0561%,198,台郡
6271,0.0474%,228,同欣電
6277,0.019%,434,宏正
6278,0.0494%,217,台表科
6281,0.0157%,484,全國電
6282,0.0762%,158,康舒
6283,0.0083%,687,淳安
6285,0.087%,145,啟碁
6288,0.0111%,598,聯嘉
6405,0.0033%,895,悅城
6409,0.2872%,62,旭隼
6412,0.0776%,153,群電
6414,0.0588%,190,樺漢
6415,0.2358%,72,矽力*-KY
6416,0.0122%,570,瑞祺電通
6426,0.005%,809,統新
6431,0.0018%,950,光麗-KY
6438,0.0158%,483,迅得
6442,0.0092%,656,光聖
6443,0.0299%,324,元晶
6449,0.0105%,619,鈺邦
6451,0.0204%,417,訊芯-KY
6456,0.0427%,249,GIS-KY
6464,0.0213%,406,台數科
6477,0.0106%,617,安集
6491,0.0554%,199,晶碩
6504,0.0105%,618,南六
6505,1.4287%,8,台塑化
6515,0.0505%,215,穎崴
6525,0.0173%,457,捷敏-KY
6531,0.1155%,125,愛普*
6533,0.0434%,246,晶心科
6550,0.0699%,165,北極星藥業-KY
6552,0.0056%,784,易華電
6558,0.0041%,857,興能高
6573,0.0023%,936,虹揚-KY
6579,0.0632%,182,研揚
6581,0.0187%,437,鋼聯
6582,0.0105%,620,申豐
6585,0.0104%,626,鼎基
6591,0.0034%,891,動力-KY
6592,0.1504%,102,和潤企業
6598,0.0039%,872,ABC-KY
6605,0.0343%,298,帝寶
6606,0.0054%,793,建德工業
6625,0.0077%,700,必應
6641,0.0033%,893,基士德-KY
6655,0.017%,462,科定
6666,0.007%,727,羅麗芬-KY
6668,0.0055%,785,中揚光
6669,0.582%,28,緯穎
6670,0.0496%,216,復盛應用
6671,0.0046%,833,三能-KY
6672,0.0111%,599,騰輝電子-KY
6674,0.0036%,884,鋐寶科技
6689,0.018%,449,伊雲谷
6691,0.0462%,236,洋基工程
6695,0.0068%,740,芯鼎
6698,0.0043%,843,旭暉應材
6706,0.0096%,647,惠特
6715,0.0139%,526,嘉基
6719,0.0373%,280,力智
6743,0.0157%,485,安普新
6753,0.024%,372,龍德造船
6754,0.0064%,756,匯僑設計
6756,0.0295%,327,威鋒電子
6768,0.0235%,376,志強-KY
6770,0.2278%,75,力積電
6776,0.0087%,671,展碁國際
6781,0.1104%,128,AES-KY
6782,0.0214%,405,視陽
6789,0.1361%,111,采鈺
6790,0.0191%,433,永豐實
6792,0.0082%,689,詠業
6796,0.0073%,711,晉弘
6799,0.0105%,622,來頡
6806,0.0422%,254,森崴能源
6807,0.0029%,911,峰源-KY
6830,0.0165%,466,汎銓
6834,0.0043%,845,天二科技
6835,0.0054%,792,圓裕
6854,0.022%,396,錼創科技-KY創
6861,0.0085%,678,睿生光電
6863,0.0218%,398,永道-KY
6869,0.0202%,420,雲豹能源-創
6873,0.0227%,387,泓德能源-創
8011,0.0049%,821,台通
8016,0.0494%,218,矽創
8021,0.009%,663,尖點
8028,0.0174%,456,昇陽半導體
8033,0.0164%,468,雷虎
8039,0.0164%,469,台虹
8046,0.2997%,58,南電
8070,0.0396%,267,長華*
8072,0.0041%,858,陞泰
8081,0.0328%,309,致新
8103,0.006%,770,瀚荃
8104,0.0055%,786,錸寶
8105,0.0134%,540,凌巨
8110,0.0141%,522,華東
8112,0.0387%,271,至上
8114,0.0159%,482,振樺電
8131,0.0335%,305,福懋科
8150,0.0486%,222,南茂
8163,0.023%,379,達方
8201,0.0027%,919,無敵
8210,0.0458%,237,勤誠
8213,0.022%,397,志超
8215,0.0251%,364,明基材
8222,0.0063%,758,寶一
8249,0.0078%,699,菱光
8261,0.0146%,512,富鼎
8271,0.0115%,590,宇瞻
8341,0.0328%,308,日友
8367,0.007%,728,建新國際
8374,0.0053%,795,羅昇
8404,0.0131%,547,百和興業-KY
8411,0.0062%,762,福貞-KY
8422,0.0392%,268,可寧衛
8429,0.0036%,882,金麗-KY
8438,0.0037%,881,昶昕
8442,0.0097%,646,威宏-KY
8443,0.0015%,957,阿瘦
8454,0.2448%,71,富邦媒
8462,0.0227%,386,柏文
8463,0.0072%,716,潤泰材
8464,0.1781%,90,億豐
8466,0.0061%,763,美吉吉-KY
8467,0.0059%,771,波力-KY
8473,0.0082%,690,山林水
8478,0.0946%,139,東哥遊艇
8481,0.0067%,744,政伸
8482,0.0139%,525,商億-KY
8488,0.0023%,938,吉源-KY
8499,0.0099%,639,鼎炫-KY
8926,0.0702%,163,台汽電
8940,0.0033%,896,新天地
8996,0.0568%,196,高力
9802,0.0446%,242,鈺齊-KY
9902,0.0023%,937,台火
9904,0.1722%,91,寶成
9905,0.0141%,523,大華
9906,0.0088%,669,欣巴巴
9907,0.0526%,205,統一實
9908,0.0317%,313,大台北
9910,0.3496%,53,豐泰
9911,0.0261%,355,櫻花
9912,0.0011%,961,偉聯
9914,0.1211%,119,美利達
9917,0.0924%,140,中保科
9918,0.0139%,524,欣天然
9919,0.007%,729,康那香
9921,0.1701%,92,巨大
9924,0.0151%,500,福興
9925,0.0291%,331,新保
9926,0.018%,451,新海
9927,0.0167%,465,泰銘
9928,0.0021%,944,中視
9929,0.002%,945,秋雨
9930,0.0241%,371,中聯資源
9931,0.0086%,675,欣高
9933,0.0605%,184,中鼎
9934,0.0103%,627,成霖
9935,0.0061%,764,慶豐富
9937,0.0405%,264,全國
9938,0.0323%,310,百和
9939,0.0579%,193,宏全
9940,0.04%,266,信義
9941,0.1943%,84,裕融
9942,0.0231%,377,茂順
9943,0.0207%,413,好樂迪
9944,0.0043%,844,新麗
9945,0.2104%,82,潤泰新
9946,0.0087%,670,三發地產
9955,0.0046%,832,佳龍
9958,0.07%,164,世紀鋼
